{
    "XPATH_HOME_LOGIN_BUTTON": "//button[text()='Login']",
    "XPATH_LOGIN_FORM_LOGIN_BUTTON": "//form//button[text()='Login']",
    "CLICK_WORK_WRAPPER": "document.querySelector('#workWrapper p').click();",
    "FIND_JOB_TITLE_COMPANY_TITLE_AND_CLICK": "document.evaluate(\"//p[text()='{}']/parent::*/p[text()='{}']\", document, null,XPathResult.FIRST_ORDERED_NODE_TYPE, null).singleNodeValue.click();",
    "UPDATE_BULLET_POINTS": "document.getElementsByClassName(\"ql-editor\")[0].innerHTML = \"{}\";",
    "SAVE_BUTTON": "document.evaluate(\"//span[text()='Save']\", document, null,XPathResult.FIRST_ORDERED_NODE_TYPE, null).singleNodeValue.click();",
    "CLICK_PROJECT_WRAPPER": "document.querySelector('#projectWrapper p').click();",
    "FIND_PROJECT_TITLE_AND_SUB_TITLE_AND_CLICK": "document.evaluate(\"//p[text()='{}']/parent::*/p[text()='{}']\", document, null,XPathResult.FIRST_ORDERED_NODE_TYPE, null).singleNodeValue.click();",
    "FIND_PROJECT_TITLE_AND_CLICK": "document.evaluate(\"//p[text()='{}']\", document, null,XPathResult.FIRST_ORDERED_NODE_TYPE, null).singleNodeValue.click();",
    "CLICK_SKILL_WRAPPER": "document.querySelector('#skillWrapper p').click();",
    "UPDATE_TECH_STACK": "document.getElementById(\"inputsubTitle\").value = \"({})\";",
    "FIND_SKILL_TITLE_AND_CLICK": "document.evaluate(\"//p[text()='{}']\", document, null,XPathResult.FIRST_ORDERED_NODE_TYPE, null).singleNodeValue.click();",
    "UPDATE_SKILL": "document.getElementsByName(\"info\")[0].innerHTML = \"{}\";",
    "UPDATE_PROJECT_TITLE": "document.getElementById(\"inputprojectTitle\").value = \"({})\";",
    "CLOSE_SKILL_WRAPPER": "document.querySelector(\"#skillWrapper div\").click();",
    "XPATH_DOWNLOAD_BUTTON": "//span[text()=\"Download\"]",
    "XPATH_RESUME_DOWNLOAED": "//h2[contains(text(),\"Resume downloaded\")]"
}